feature,importance
rolling_volatility_7,0.28010646
volatility_index,0.21180762
atr,0.08152774
bb_lower,0.036397666
ema_7,0.03345361
rsi,0.031600803
rolling_volatility_30,0.030813593
rolling_volatility_14,0.027569596
bb_width,0.026966885
macd,0.021110764
sma_30,0.020301627
rate_of_change,0.019774925
sma_7,0.019222869
ema_30,0.019158501
macd_signal,0.018596541
bb_upper,0.017033909
liquidity_ratio,0.015625607
ema_14,0.015509479
momentum,0.0135518545
sma_14,0.01211814
close_to_sma30,0.012086926
volume_sma_ratio,0.010235409
daily_return,0.009648401
price_range,0.009338982
log_return,0.006442045
